follower_id,followee_id,status,created_at
a1000000-0000-4000-8000-000000000002,a1000000-0000-4000-8000-000000000001,ACCEPTED,2026-01-01T20:07:48.225389Z
a1000000-0000-4000-8000-000000000002,a1000000-0000-4000-8000-000000000003,ACCEPTED,2026-01-05T03:03:03.925703Z
a1000000-0000-4000-8000-000000000003,a1000000-0000-4000-8000-000000000001,ACCEPTED,2026-01-03T15:03:17.677194Z
a1000000-0000-4000-8000-000000000005,a1000000-0000-4000-8000-000000000002,ACCEPTED,2026-01-08T02:06:41.692388Z
a1000000-0000-4000-8000-000000000006,a1000000-0000-4000-8000-000000000004,ACCEPTED,2026-01-01T18:39:20.956506Z
a1000000-0000-4000-8000-000000000006,a1000000-0000-4000-8000-000000000002,ACCEPTED,2026-01-02T23:14:13.606016Z
a1000000-0000-4000-8000-000000000007,a1000000-0000-4000-8000-000000000003,ACCEPTED,2026-01-01T20:10:43.962635Z
a1000000-0000-4000-8000-000000000007,a1000000-0000-4000-8000-000000000004,ACCEPTED,2026-01-03T01:05:34.014680Z
a1000000-0000-4000-8000-000000000008,a1000000-0000-4000-8000-000000000002,ACCEPTED,2026-01-03T17:00:48.945258Z
