user_id,post_id,shown_at,rank_position,model_version,model_name,request_id
a1000000-0000-4000-8000-000000000001,simpost0000000000000026,2026-01-01T16:57:07.110642Z,1,,,3eb13b90-4668-5257-bdd6-40fb06671ad1
a1000000-0000-4000-8000-000000000001,simpost0000000000000036,2026-01-01T16:57:07.110642Z,2,,,3eb13b90-4668-5257-bdd6-40fb06671ad1
a1000000-0000-4000-8000-000000000001,simpost0000000000000001,2026-01-01T16:57:07.110642Z,3,,,3eb13b90-4668-5257-bdd6-40fb06671ad1
a1000000-0000-4000-8000-000000000001,simpost0000000000000016,2026-01-01T16:57:07.110642Z,4,,,3eb13b90-4668-5257-bdd6-40fb06671ad1
a1000000-0000-4000-8000-000000000001,simpost0000000000000011,2026-01-01T16:57:07.110642Z,5,,,3eb13b90-4668-5257-bdd6-40fb06671ad1
a1000000-0000-4000-8000-000000000001,simpost0000000000000007,2026-01-01T16:57:07.110642Z,6,,,3eb13b90-4668-5257-bdd6-40fb06671ad1
a1000000-0000-4000-8000-000000000001,simpost0000000000000002,2026-01-01T16:57:07.110642Z,7,,,3eb13b90-4668-5257-bdd6-40fb06671ad1
a1000000-0000-4000-8000-000000000001,simpost0000000000000028,2026-01-01T16:57:07.110642Z,8,,,3eb13b90-4668-5257-bdd6-40fb06671ad1
a1000000-0000-4000-8000-000000000001,simpost0000000000000021,2026-01-03T07:58:28.013139Z,1,,,47294739-614f-f3d7-19db-3ad0ddd1dfb2
a1000000-0000-4000-8000-000000000001,simpost0000000000000031,2026-01-03T07:58:28.013139Z,2,,,47294739-614f-f3d7-19db-3ad0ddd1dfb2
a1000000-0000-4000-8000-000000000001,simpost0000000000000006,2026-01-03T07:58:28.013139Z,3,,,47294739-614f-f3d7-19db-3ad0ddd1dfb2
a1000000-0000-4000-8000-000000000001,simpost0000000000000017,2026-01-03T07:58:28.013139Z,4,,,47294739-614f-f3d7-19db-3ad0ddd1dfb2
a1000000-0000-4000-8000-000000000001,simpost0000000000000032,2026-01-03T07:58:28.013139Z,5,,,47294739-614f-f3d7-19db-3ad0ddd1dfb2
a1000000-0000-4000-8000-000000000001,simpost0000000000000027,2026-01-03T07:58:28.013139Z,6,,,47294739-614f-f3d7-19db-3ad0ddd1dfb2
a1000000-0000-4000-8000-000000000001,simpost0000000000000029,2026-01-03T07:58:28.013139Z,7,,,47294739-614f-f3d7-19db-3ad0ddd1dfb2
a1000000-0000-4000-8000-000000000001,simpost0000000000000005,2026-01-03T07:58:28.013139Z,8,,,47294739-614f-f3d7-19db-3ad0ddd1dfb2
a1000000-0000-4000-8000-000000000001,simpost0000000000000022,2026-01-04T20:03:19.586647Z,1,,,cac5b68c-28f4-9481-a0a0-4dc427209bdf
a1000000-0000-4000-8000-000000000001,simpost0000000000000012,2026-01-04T20:03:19.586647Z,2,,,cac5b68c-28f4-9481-a0a0-4dc427209bdf
a1000000-0000-4000-8000-000000000001,simpost0000000000000037,2026-01-04T20:03:19.586647Z,3,,,cac5b68c-28f4-9481-a0a0-4dc427209bdf
a1000000-0000-4000-8000-000000000001,simpost0000000000000013,2026-01-04T20:03:19.586647Z,4,,,cac5b68c-28f4-9481-a0a0-4dc427209bdf
a1000000-0000-4000-8000-000000000001,simpost0000000000000033,2026-01-04T20:03:19.586647Z,5,,,cac5b68c-28f4-9481-a0a0-4dc427209bdf
a1000000-0000-4000-8000-000000000001,simpost0000000000000018,2026-01-04T20:03:19.586647Z,6,,,cac5b68c-28f4-9481-a0a0-4dc427209bdf
a1000000-0000-4000-8000-000000000001,simpost0000000000000030,2026-01-04T20:03:19.586647Z,7,,,cac5b68c-28f4-9481-a0a0-4dc427209bdf
a1000000-0000-4000-8000-000000000001,simpost0000000000000039,2026-01-04T20:03:19.586647Z,8,,,cac5b68c-28f4-9481-a0a0-4dc427209bdf
a1000000-0000-4000-8000-000000000001,simpost0000000000000038,2026-01-05T21:33:58.133356Z,1,,,d4e80839-fc3e-058b-e0f3-eab05cec4eb5
a1000000-0000-4000-8000-000000000001,simpost0000000000000008,2026-01-05T21:33:58.133356Z,2,,,d4e80839-fc3e-058b-e0f3-eab05cec4eb5
a1000000-0000-4000-8000-000000000001,simpost0000000000000003,2026-01-05T21:33:58.133356Z,3,,,d4e80839-fc3e-058b-e0f3-eab05cec4eb5
a1000000-0000-4000-8000-000000000001,simpost0000000000000023,2026-01-05T21:33:58.133356Z,4,,,d4e80839-fc3e-058b-e0f3-eab05cec4eb5
a1000000-0000-4000-8000-000000000001,simpost0000000000000004,2026-01-05T21:33:58.133356Z,5,,,d4e80839-fc3e-058b-e0f3-eab05cec4eb5
a1000000-0000-4000-8000-000000000001,simpost0000000000000034,2026-01-05T21:33:58.133356Z,6,,,d4e80839-fc3e-058b-e0f3-eab05cec4eb5
a1000000-0000-4000-8000-000000000001,simpost0000000000000035,2026-01-05T21:33:58.133356Z,7,,,d4e80839-fc3e-058b-e0f3-eab05cec4eb5
a1000000-0000-4000-8000-000000000001,simpost0000000000000040,2026-01-05T21:33:58.133356Z,8,,,d4e80839-fc3e-058b-e0f3-eab05cec4eb5
a1000000-0000-4000-8000-000000000001,simpost0000000000000019,2026-01-07T15:11:53.468438Z,1,,,36d8393a-7c44-1fe7-ab42-20a7474a493b
a1000000-0000-4000-8000-000000000001,simpost0000000000000024,2026-01-07T15:11:53.468438Z,2,,,36d8393a-7c44-1fe7-ab42-20a7474a493b
a1000000-0000-4000-8000-000000000001,simpost0000000000000025,2026-01-07T15:11:53.468438Z,3,,,36d8393a-7c44-1fe7-ab42-20a7474a493b
a1000000-0000-4000-8000-000000000001,simpost0000000000000014,2026-01-07T15:11:53.468438Z,4,,,36d8393a-7c44-1fe7-ab42-20a7474a493b
a1000000-0000-4000-8000-000000000001,simpost0000000000000009,2026-01-07T15:11:53.468438Z,5,,,36d8393a-7c44-1fe7-ab42-20a7474a493b
a1000000-0000-4000-8000-000000000001,simpost0000000000000015,2026-01-07T15:11:53.468438Z,6,,,36d8393a-7c44-1fe7-ab42-20a7474a493b
a1000000-0000-4000-8000-000000000001,simpost0000000000000010,2026-01-07T15:11:53.468438Z,7,,,36d8393a-7c44-1fe7-ab42-20a7474a493b
a1000000-0000-4000-8000-000000000001,simpost0000000000000020,2026-01-07T15:11:53.468438Z,8,,,36d8393a-7c44-1fe7-ab42-20a7474a493b
a1000000-0000-4000-8000-000000000002,simpost0000000000000032,2026-01-01T13:36:52.430744Z,1,,,008d4127-6104-61e3-2a25-a8880f02bad0
a1000000-0000-4000-8000-000000000002,simpost0000000000000017,2026-01-01T13:36:52.430744Z,2,,,008d4127-6104-61e3-2a25-a8880f02bad0
a1000000-0000-4000-8000-000000000002,simpost0000000000000037,2026-01-01T13:36:52.430744Z,3,,,008d4127-6104-61e3-2a25-a8880f02bad0
a1000000-0000-4000-8000-000000000002,simpost0000000000000011,2026-01-01T13:36:52.430744Z,4,,,008d4127-6104-61e3-2a25-a8880f02bad0
a1000000-0000-4000-8000-000000000002,simpost0000000000000021,2026-01-01T13:36:52.430744Z,5,,,008d4127-6104-61e3-2a25-a8880f02bad0
a1000000-0000-4000-8000-000000000002,simpost0000000000000038,2026-01-01T13:36:52.430744Z,6,,,008d4127-6104-61e3-2a25-a8880f02bad0
a1000000-0000-4000-8000-000000000002,simpost0000000000000013,2026-01-01T13:36:52.430744Z,7,,,008d4127-6104-61e3-2a25-a8880f02bad0
a1000000-0000-4000-8000-000000000002,simpost0000000000000040,2026-01-01T13:36:52.430744Z,8,,,008d4127-6104-61e3-2a25-a8880f02bad0
a1000000-0000-4000-8000-000000000002,simpost0000000000000002,2026-01-02T20:07:49.499027Z,1,,,ff002d4d-9020-59e4-ff9a-b5c29f044aed
a1000000-0000-4000-8000-000000000002,simpost0000000000000022,2026-01-02T20:07:49.499027Z,2,,,ff002d4d-9020-59e4-ff9a-b5c29f044aed
a1000000-0000-4000-8000-000000000002,simpost0000000000000007,2026-01-02T20:07:49.499027Z,3,,,ff002d4d-9020-59e4-ff9a-b5c29f044aed
a1000000-0000-4000-8000-000000000002,simpost0000000000000012,2026-01-02T20:07:49.499027Z,4,,,ff002d4d-9020-59e4-ff9a-b5c29f044aed
a1000000-0000-4000-8000-000000000002,simpost0000000000000016,2026-01-02T20:07:49.499027Z,5,,,ff002d4d-9020-59e4-ff9a-b5c29f044aed
a1000000-0000-4000-8000-000000000002,simpost0000000000000003,2026-01-02T20:07:49.499027Z,6,,,ff002d4d-9020-59e4-ff9a-b5c29f044aed
a1000000-0000-4000-8000-000000000002,simpost0000000000000015,2026-01-02T20:07:49.499027Z,7,,,ff002d4d-9020-59e4-ff9a-b5c29f044aed
a1000000-0000-4000-8000-000000000002,simpost0000000000000019,2026-01-02T20:07:49.499027Z,8,,,ff002d4d-9020-59e4-ff9a-b5c29f044aed
a1000000-0000-4000-8000-000000000002,simpost0000000000000027,2026-01-04T15:51:09.705985Z,1,,,e21342b0-f1ee-dba3-1343-2e611ca3c448
a1000000-0000-4000-8000-000000000002,simpost0000000000000006,2026-01-04T15:51:09.705985Z,2,,,e21342b0-f1ee-dba3-1343-2e611ca3c448
a1000000-0000-4000-8000-000000000002,simpost0000000000000001,2026-01-04T15:51:09.705985Z,3,,,e21342b0-f1ee-dba3-1343-2e611ca3c448
a1000000-0000-4000-8000-000000000002,simpost0000000000000026,2026-01-04T15:51:09.705985Z,4,,,e21342b0-f1ee-dba3-1343-2e611ca3c448
a1000000-0000-4000-8000-000000000002,simpost0000000000000031,2026-01-04T15:51:09.705985Z,5,,,e21342b0-f1ee-dba3-1343-2e611ca3c448
a1000000-0000-4000-8000-000000000002,simpost0000000000000023,2026-01-04T15:51:09.705985Z,6,,,e21342b0-f1ee-dba3-1343-2e611ca3c448
a1000000-0000-4000-8000-000000000002,simpost0000000000000005,2026-01-04T15:51:09.705985Z,7,,,e21342b0-f1ee-dba3-1343-2e611ca3c448
a1000000-0000-4000-8000-000000000002,simpost0000000000000024,2026-01-04T15:51:09.705985Z,8,,,e21342b0-f1ee-dba3-1343-2e611ca3c448
a1000000-0000-4000-8000-000000000002,simpost0000000000000036,2026-01-06T08:12:37.205858Z,1,,,33173470-38f1-6a81-787f-2425dbccc477
a1000000-0000-4000-8000-000000000002,simpost0000000000000018,2026-01-06T08:12:37.205858Z,2,,,33173470-38f1-6a81-787f-2425dbccc477
a1000000-0000-4000-8000-000000000002,simpost0000000000000033,2026-01-06T08:12:37.205858Z,3,,,33173470-38f1-6a81-787f-2425dbccc477
a1000000-0000-4000-8000-000000000002,simpost0000000000000008,2026-01-06T08:12:37.205858Z,4,,,33173470-38f1-6a81-787f-2425dbccc477
a1000000-0000-4000-8000-000000000002,simpost0000000000000028,2026-01-06T08:12:37.205858Z,5,,,33173470-38f1-6a81-787f-2425dbccc477
a1000000-0000-4000-8000-000000000002,simpost0000000000000020,2026-01-06T08:12:37.205858Z,6,,,33173470-38f1-6a81-787f-2425dbccc477
a1000000-0000-4000-8000-000000000002,simpost0000000000000004,2026-01-06T08:12:37.205858Z,7,,,33173470-38f1-6a81-787f-2425dbccc477
a1000000-0000-4000-8000-000000000002,simpost0000000000000014,2026-01-06T08:12:37.205858Z,8,,,33173470-38f1-6a81-787f-2425dbccc477
a1000000-0000-4000-8000-000000000002,simpost0000000000000025,2026-01-07T15:32:17.980653Z,1,,,bcae8081-bdf0-70aa-f0b5-156bb82c9074
a1000000-0000-4000-8000-000000000002,simpost0000000000000035,2026-01-07T15:32:17.980653Z,2,,,bcae8081-bdf0-70aa-f0b5-156bb82c9074
a1000000-0000-4000-8000-000000000002,simpost0000000000000010,2026-01-07T15:32:17.980653Z,3,,,bcae8081-bdf0-70aa-f0b5-156bb82c9074
a1000000-0000-4000-8000-000000000002,simpost0000000000000030,2026-01-07T15:32:17.980653Z,4,,,bcae8081-bdf0-70aa-f0b5-156bb82c9074
a1000000-0000-4000-8000-000000000002,simpost0000000000000034,2026-01-07T15:32:17.980653Z,5,,,bcae8081-bdf0-70aa-f0b5-156bb82c9074
a1000000-0000-4000-8000-000000000002,simpost0000000000000009,2026-01-07T15:32:17.980653Z,6,,,bcae8081-bdf0-70aa-f0b5-156bb82c9074
a1000000-0000-4000-8000-000000000002,simpost0000000000000039,2026-01-07T15:32:17.980653Z,7,,,bcae8081-bdf0-70aa-f0b5-156bb82c9074
a1000000-0000-4000-8000-000000000002,simpost0000000000000029,2026-01-07T15:32:17.980653Z,8,,,bcae8081-bdf0-70aa-f0b5-156bb82c9074
a1000000-0000-4000-8000-000000000003,simpost0000000000000003,2026-01-01T11:08:41.889566Z,1,,,0bd4a990-0640-be0f-25b8-fd4b32fa2de8
a1000000-0000-4000-8000-000000000003,simpost0000000000000018,2026-01-01T11:08:41.889566Z,2,,,0bd4a990-0640-be0f-25b8-fd4b32fa2de8
a1000000-0000-4000-8000-000000000003,simpost0000000000000028,2026-01-01T11:08:41.889566Z,3,,,0bd4a990-0640-be0f-25b8-fd4b32fa2de8
a1000000-0000-4000-8000-000000000003,simpost0000000000000008,2026-01-01T11:08:41.889566Z,4,,,0bd4a990-0640-be0f-25b8-fd4b32fa2de8
a1000000-0000-4000-8000-000000000003,simpost0000000000000033,2026-01-01T11:08:41.889566Z,5,,,0bd4a990-0640-be0f-25b8-fd4b32fa2de8
a1000000-0000-4000-8000-000000000003,simpost0000000000000010,2026-01-01T11:08:41.889566Z,6,,,0bd4a990-0640-be0f-25b8-fd4b32fa2de8
a1000000-0000-4000-8000-000000000003,simpost0000000000000019,2026-01-01T11:08:41.889566Z,7,,,0bd4a990-0640-be0f-25b8-fd4b32fa2de8
a1000000-0000-4000-8000-000000000003,simpost0000000000000034,2026-01-01T11:08:41.889566Z,8,,,0bd4a990-0640-be0f-25b8-fd4b32fa2de8
a1000000-0000-4000-8000-000000000003,simpost0000000000000013,2026-01-03T06:43:17.009689Z,1,,,3d3f3799-a072-95e9-7c0e-8cd88573e793
a1000000-0000-4000-8000-000000000003,simpost0000000000000023,2026-01-03T06:43:17.009689Z,2,,,3d3f3799-a072-95e9-7c0e-8cd88573e793
a1000000-0000-4000-8000-000000000003,simpost0000000000000005,2026-01-03T06:43:17.009689Z,3,,,3d3f3799-a072-95e9-7c0e-8cd88573e793
a1000000-0000-4000-8000-000000000003,simpost0000000000000022,2026-01-03T06:43:17.009689Z,4,,,3d3f3799-a072-95e9-7c0e-8cd88573e793
a1000000-0000-4000-8000-000000000003,simpost0000000000000020,2026-01-03T06:43:17.009689Z,5,,,3d3f3799-a072-95e9-7c0e-8cd88573e793
a1000000-0000-4000-8000-000000000003,simpost0000000000000015,2026-01-03T06:43:17.009689Z,6,,,3d3f3799-a072-95e9-7c0e-8cd88573e793
a1000000-0000-4000-8000-000000000003,simpost0000000000000009,2026-01-03T06:43:17.009689Z,7,,,3d3f3799-a072-95e9-7c0e-8cd88573e793
a1000000-0000-4000-8000-000000000003,simpost0000000000000031,2026-01-03T06:43:17.009689Z,8,,,3d3f3799-a072-95e9-7c0e-8cd88573e793
a1000000-0000-4000-8000-000000000003,simpost0000000000000038,2026-01-04T18:08:18.741432Z,1,,,20ac3703-eb67-146a-77a6-e17cd72b6108
a1000000-0000-4000-8000-000000000003,simpost0000000000000040,2026-01-04T18:08:18.741432Z,2,,,20ac3703-eb67-146a-77a6-e17cd72b6108
a1000000-0000-4000-8000-000000000003,simpost0000000000000032,2026-01-04T18:08:18.741432Z,3,,,20ac3703-eb67-146a-77a6-e17cd72b6108
a1000000-0000-4000-8000-000000000003,simpost0000000000000027,2026-01-04T18:08:18.741432Z,4,,,20ac3703-eb67-146a-77a6-e17cd72b6108
a1000000-0000-4000-8000-000000000003,simpost0000000000000002,2026-01-04T18:08:18.741432Z,5,,,20ac3703-eb67-146a-77a6-e17cd72b6108
a1000000-0000-4000-8000-000000000003,simpost0000000000000017,2026-01-04T18:08:18.741432Z,6,,,20ac3703-eb67-146a-77a6-e17cd72b6108
a1000000-0000-4000-8000-000000000003,simpost0000000000000037,2026-01-04T18:08:18.741432Z,7,,,20ac3703-eb67-146a-77a6-e17cd72b6108
a1000000-0000-4000-8000-000000000003,simpost0000000000000026,2026-01-04T18:08:18.741432Z,8,,,20ac3703-eb67-146a-77a6-e17cd72b6108
a1000000-0000-4000-8000-000000000003,simpost0000000000000025,2026-01-06T06:53:20.711063Z,1,,,1bac5c15-4fa0-3f26-f6f7-f0cc29ec8e49
a1000000-0000-4000-8000-000000000003,simpost0000000000000035,2026-01-06T06:53:20.711063Z,2,,,1bac5c15-4fa0-3f26-f6f7-f0cc29ec8e49
a1000000-0000-4000-8000-000000000003,simpost0000000000000012,2026-01-06T06:53:20.711063Z,3,,,1bac5c15-4fa0-3f26-f6f7-f0cc29ec8e49
a1000000-0000-4000-8000-000000000003,simpost0000000000000030,2026-01-06T06:53:20.711063Z,4,,,1bac5c15-4fa0-3f26-f6f7-f0cc29ec8e49
a1000000-0000-4000-8000-000000000003,simpost0000000000000039,2026-01-06T06:53:20.711063Z,5,,,1bac5c15-4fa0-3f26-f6f7-f0cc29ec8e49
a1000000-0000-4000-8000-000000000003,simpost0000000000000024,2026-01-06T06:53:20.711063Z,6,,,1bac5c15-4fa0-3f26-f6f7-f0cc29ec8e49
a1000000-0000-4000-8000-000000000003,simpost0000000000000004,2026-01-06T06:53:20.711063Z,7,,,1bac5c15-4fa0-3f26-f6f7-f0cc29ec8e49
a1000000-0000-4000-8000-000000000003,simpost0000000000000014,2026-01-06T06:53:20.711063Z,8,,,1bac5c15-4fa0-3f26-f6f7-f0cc29ec8e49
a1000000-0000-4000-8000-000000000003,simpost0000000000000007,2026-01-07T14:30:29.638090Z,1,,,44b591f7-97ac-6aa8-bb24-88a3d36357b6
a1000000-0000-4000-8000-000000000003,simpost0000000000000029,2026-01-07T14:30:29.638090Z,2,,,44b591f7-97ac-6aa8-bb24-88a3d36357b6
a1000000-0000-4000-8000-000000000003,simpost0000000000000011,2026-01-07T14:30:29.638090Z,3,,,44b591f7-97ac-6aa8-bb24-88a3d36357b6
a1000000-0000-4000-8000-000000000003,simpost0000000000000036,2026-01-07T14:30:29.638090Z,4,,,44b591f7-97ac-6aa8-bb24-88a3d36357b6
a1000000-0000-4000-8000-000000000003,simpost0000000000000016,2026-01-07T14:30:29.638090Z,5,,,44b591f7-97ac-6aa8-bb24-88a3d36357b6
a1000000-0000-4000-8000-000000000003,simpost0000000000000021,2026-01-07T14:30:29.638090Z,6,,,44b591f7-97ac-6aa8-bb24-88a3d36357b6
a1000000-0000-4000-8000-000000000003,simpost0000000000000006,2026-01-07T14:30:29.638090Z,7,,,44b591f7-97ac-6aa8-bb24-88a3d36357b6
a1000000-0000-4000-8000-000000000003,simpost0000000000000001,2026-01-07T14:30:29.638090Z,8,,,44b591f7-97ac-6aa8-bb24-88a3d36357b6
a1000000-0000-4000-8000-000000000004,simpost0000000000000009,2026-01-01T11:47:34.187920Z,1,,,b8a6171f-1ee3-4dc4-3b04-8a8b405bfdc9
a1000000-0000-4000-8000-000000000004,simpost0000000000000004,2026-01-01T11:47:34.187920Z,2,,,b8a6171f-1ee3-4dc4-3b04-8a8b405bfdc9
a1000000-0000-4000-8000-000000000004,simpost0000000000000034,2026-01-01T11:47:34.187920Z,3,,,b8a6171f-1ee3-4dc4-3b04-8a8b405bfdc9
a1000000-0000-4000-8000-000000000004,simpost0000000000000014,2026-01-01T11:47:34.187920Z,4,,,b8a6171f-1ee3-4dc4-3b04-8a8b405bfdc9
a1000000-0000-4000-8000-000000000004,simpost0000000000000019,2026-01-01T11:47:34.187920Z,5,,,b8a6171f-1ee3-4dc4-3b04-8a8b405bfdc9
a1000000-0000-4000-8000-000000000004,simpost0000000000000033,2026-01-01T11:47:34.187920Z,6,,,b8a6171f-1ee3-4dc4-3b04-8a8b405bfdc9
a1000000-0000-4000-8000-000000000004,simpost0000000000000025,2026-01-01T11:47:34.187920Z,7,,,b8a6171f-1ee3-4dc4-3b04-8a8b405bfdc9
a1000000-0000-4000-8000-000000000004,simpost0000000000000027,2026-01-01T11:47:34.187920Z,8,,,b8a6171f-1ee3-4dc4-3b04-8a8b405bfdc9
a1000000-0000-4000-8000-000000000004,simpost0000000000000024,2026-01-02T23:09:34.631708Z,1,,,e893be3d-7354-ea6f-6160-745985c7504b
a1000000-0000-4000-8000-000000000004,simpost0000000000000039,2026-01-02T23:09:34.631708Z,2,,,e893be3d-7354-ea6f-6160-745985c7504b
a1000000-0000-4000-8000-000000000004,simpost0000000000000029,2026-01-02T23:09:34.631708Z,3,,,e893be3d-7354-ea6f-6160-745985c7504b
a1000000-0000-4000-8000-000000000004,simpost0000000000000028,2026-01-02T23:09:34.631708Z,4,,,e893be3d-7354-ea6f-6160-745985c7504b
a1000000-0000-4000-8000-000000000004,simpost0000000000000038,2026-01-02T23:09:34.631708Z,5,,,e893be3d-7354-ea6f-6160-745985c7504b
a1000000-0000-4000-8000-000000000004,simpost0000000000000040,2026-01-02T23:09:34.631708Z,6,,,e893be3d-7354-ea6f-6160-745985c7504b
a1000000-0000-4000-8000-000000000004,simpost0000000000000022,2026-01-02T23:09:34.631708Z,7,,,e893be3d-7354-ea6f-6160-745985c7504b
a1000000-0000-4000-8000-000000000004,simpost0000000000000016,2026-01-02T23:09:34.631708Z,8,,,e893be3d-7354-ea6f-6160-745985c7504b
a1000000-0000-4000-8000-000000000004,simpost0000000000000003,2026-01-04T17:47:46.577723Z,1,,,8a3c3b5e-801e-f1da-45b1-ed25f1533ae8
a1000000-0000-4000-8000-000000000004,simpost0000000000000013,2026-01-04T17:47:46.577723Z,2,,,8a3c3b5e-801e-f1da-45b1-ed25f1533ae8
a1000000-0000-4000-8000-000000000004,simpost0000000000000008,2026-01-04T17:47:46.577723Z,3,,,8a3c3b5e-801e-f1da-45b1-ed25f1533ae8
a1000000-0000-4000-8000-000000000004,simpost0000000000000015,2026-01-04T17:47:46.577723Z,4,,,8a3c3b5e-801e-f1da-45b1-ed25f1533ae8
a1000000-0000-4000-8000-000000000004,simpost0000000000000005,2026-01-04T17:47:46.577723Z,5,,,8a3c3b5e-801e-f1da-45b1-ed25f1533ae8
a1000000-0000-4000-8000-000000000004,simpost0000000000000002,2026-01-04T17:47:46.577723Z,6,,,8a3c3b5e-801e-f1da-45b1-ed25f1533ae8
a1000000-0000-4000-8000-000000000004,simpost0000000000000037,2026-01-04T17:47:46.577723Z,7,,,8a3c3b5e-801e-f1da-45b1-ed25f1533ae8
a1000000-0000-4000-8000-000000000004,simpost0000000000000011,2026-01-04T17:47:46.577723Z,8,,,8a3c3b5e-801e-f1da-45b1-ed25f1533ae8
a1000000-0000-4000-8000-000000000004,simpost0000000000000018,2026-01-06T03:42:04.869092Z,1,,,409d3602-5084-3242-168b-1625746f7891
a1000000-0000-4000-8000-000000000004,simpost0000000000000023,2026-01-06T03:42:04.869092Z,2,,,409d3602-5084-3242-168b-1625746f7891
a1000000-0000-4000-8000-000000000004,simpost0000000000000020,2026-01-06T03:42:04.869092Z,3,,,409d3602-5084-3242-168b-1625746f7891
a1000000-0000-4000-8000-000000000004,simpost0000000000000035,2026-01-06T03:42:04.869092Z,4,,,409d3602-5084-3242-168b-1625746f7891
a1000000-0000-4000-8000-000000000004,simpost0000000000000010,2026-01-06T03:42:04.869092Z,5,,,409d3602-5084-3242-168b-1625746f7891
a1000000-0000-4000-8000-000000000004,simpost0000000000000017,2026-01-06T03:42:04.869092Z,6,,,409d3602-5084-3242-168b-1625746f7891
a1000000-0000-4000-8000-000000000004,simpost0000000000000036,2026-01-06T03:42:04.869092Z,7,,,409d3602-5084-3242-168b-1625746f7891
a1000000-0000-4000-8000-000000000004,simpost0000000000000026,2026-01-06T03:42:04.869092Z,8,,,409d3602-5084-3242-168b-1625746f7891
a1000000-0000-4000-8000-000000000004,simpost0000000000000030,2026-01-07T15:07:27.149560Z,1,,,7b85179a-d5b0-77e0-6a5d-932b45ff2c83
a1000000-0000-4000-8000-000000000004,simpost0000000000000032,2026-01-07T15:07:27.149560Z,2,,,7b85179a-d5b0-77e0-6a5d-932b45ff2c83
a1000000-0000-4000-8000-000000000004,simpost0000000000000007,2026-01-07T15:07:27.149560Z,3,,,7b85179a-d5b0-77e0-6a5d-932b45ff2c83
a1000000-0000-4000-8000-000000000004,simpost0000000000000012,2026-01-07T15:07:27.149560Z,4,,,7b85179a-d5b0-77e0-6a5d-932b45ff2c83
a1000000-0000-4000-8000-000000000004,simpost0000000000000031,2026-01-07T15:07:27.149560Z,5,,,7b85179a-d5b0-77e0-6a5d-932b45ff2c83
a1000000-0000-4000-8000-000000000004,simpost0000000000000006,2026-01-07T15:07:27.149560Z,6,,,7b85179a-d5b0-77e0-6a5d-932b45ff2c83
a1000000-0000-4000-8000-000000000004,simpost0000000000000021,2026-01-07T15:07:27.149560Z,7,,,7b85179a-d5b0-77e0-6a5d-932b45ff2c83
a1000000-0000-4000-8000-000000000004,simpost0000000000000001,2026-01-07T15:07:27.149560Z,8,,,7b85179a-d5b0-77e0-6a5d-932b45ff2c83
a1000000-0000-4000-8000-000000000005,simpost0000000000000035,2026-01-01T17:52:23.485204Z,1,,,fd08b32c-62d6-0e93-6198-5d54cfb87e6f
a1000000-0000-4000-8000-000000000005,simpost0000000000000040,2026-01-01T17:52:23.485204Z,2,,,fd08b32c-62d6-0e93-6198-5d54cfb87e6f
a1000000-0000-4000-8000-000000000005,simpost0000000000000020,2026-01-01T17:52:23.485204Z,3,,,fd08b32c-62d6-0e93-6198-5d54cfb87e6f
a1000000-0000-4000-8000-000000000005,simpost0000000000000030,2026-01-01T17:52:23.485204Z,4,,,fd08b32c-62d6-0e93-6198-5d54cfb87e6f
a1000000-0000-4000-8000-000000000005,simpost0000000000000029,2026-01-01T17:52:23.485204Z,5,,,fd08b32c-62d6-0e93-6198-5d54cfb87e6f
a1000000-0000-4000-8000-000000000005,simpost0000000000000019,2026-01-01T17:52:23.485204Z,6,,,fd08b32c-62d6-0e93-6198-5d54cfb87e6f
a1000000-0000-4000-8000-000000000005,simpost0000000000000003,2026-01-01T17:52:23.485204Z,7,,,fd08b32c-62d6-0e93-6198-5d54cfb87e6f
a1000000-0000-4000-8000-000000000005,simpost0000000000000023,2026-01-01T17:52:23.485204Z,8,,,fd08b32c-62d6-0e93-6198-5d54cfb87e6f
a1000000-0000-4000-8000-000000000005,simpost0000000000000025,2026-01-03T02:12:41.399004Z,1,,,0769165f-e746-ccb9-4ca9-cf07b1aa0f6a
a1000000-0000-4000-8000-000000000005,simpost0000000000000010,2026-01-03T02:12:41.399004Z,2,,,0769165f-e746-ccb9-4ca9-cf07b1aa0f6a
a1000000-0000-4000-8000-000000000005,simpost0000000000000005,2026-01-03T02:12:41.399004Z,3,,,0769165f-e746-ccb9-4ca9-cf07b1aa0f6a
a1000000-0000-4000-8000-000000000005,simpost0000000000000012,2026-01-03T02:12:41.399004Z,4,,,0769165f-e746-ccb9-4ca9-cf07b1aa0f6a
a1000000-0000-4000-8000-000000000005,simpost0000000000000017,2026-01-03T02:12:41.399004Z,5,,,0769165f-e746-ccb9-4ca9-cf07b1aa0f6a
a1000000-0000-4000-8000-000000000005,simpost0000000000000032,2026-01-03T02:12:41.399004Z,6,,,0769165f-e746-ccb9-4ca9-cf07b1aa0f6a
a1000000-0000-4000-8000-000000000005,simpost0000000000000004,2026-01-03T02:12:41.399004Z,7,,,0769165f-e746-ccb9-4ca9-cf07b1aa0f6a
a1000000-0000-4000-8000-000000000005,simpost0000000000000018,2026-01-03T02:12:41.399004Z,8,,,0769165f-e746-ccb9-4ca9-cf07b1aa0f6a
a1000000-0000-4000-8000-000000000005,simpost0000000000000015,2026-01-04T14:57:15.055241Z,1,,,c696f5e6-4944-051b-e726-be23e776b886
a1000000-0000-4000-8000-000000000005,simpost0000000000000027,2026-01-04T14:57:15.055241Z,2,,,c696f5e6-4944-051b-e726-be23e776b886
a1000000-0000-4000-8000-000000000005,simpost0000000000000031,2026-01-04T14:57:15.055241Z,3,,,c696f5e6-4944-051b-e726-be23e776b886
a1000000-0000-4000-8000-000000000005,simpost0000000000000016,2026-01-04T14:57:15.055241Z,4,,,c696f5e6-4944-051b-e726-be23e776b886
a1000000-0000-4000-8000-000000000005,simpost0000000000000026,2026-01-04T14:57:15.055241Z,5,,,c696f5e6-4944-051b-e726-be23e776b886
a1000000-0000-4000-8000-000000000005,simpost0000000000000028,2026-01-04T14:57:15.055241Z,6,,,c696f5e6-4944-051b-e726-be23e776b886
a1000000-0000-4000-8000-000000000005,simpost0000000000000033,2026-01-04T14:57:15.055241Z,7,,,c696f5e6-4944-051b-e726-be23e776b886
a1000000-0000-4000-8000-000000000005,simpost0000000000000024,2026-01-04T14:57:15.055241Z,8,,,c696f5e6-4944-051b-e726-be23e776b886
a1000000-0000-4000-8000-000000000005,simpost0000000000000022,2026-01-05T21:58:14.153556Z,1,,,ad238d36-dc32-2c97-39c1-e262f76c8ede
a1000000-0000-4000-8000-000000000005,simpost0000000000000007,2026-01-05T21:58:14.153556Z,2,,,ad238d36-dc32-2c97-39c1-e262f76c8ede
a1000000-0000-4000-8000-000000000005,simpost0000000000000034,2026-01-05T21:58:14.153556Z,3,,,ad238d36-dc32-2c97-39c1-e262f76c8ede
a1000000-0000-4000-8000-000000000005,simpost0000000000000039,2026-01-05T21:58:14.153556Z,4,,,ad238d36-dc32-2c97-39c1-e262f76c8ede
a1000000-0000-4000-8000-000000000005,simpost0000000000000038,2026-01-05T21:58:14.153556Z,5,,,ad238d36-dc32-2c97-39c1-e262f76c8ede
a1000000-0000-4000-8000-000000000005,simpost0000000000000021,2026-01-05T21:58:14.153556Z,6,,,ad238d36-dc32-2c97-39c1-e262f76c8ede
a1000000-0000-4000-8000-000000000005,simpost0000000000000001,2026-01-05T21:58:14.153556Z,7,,,ad238d36-dc32-2c97-39c1-e262f76c8ede
a1000000-0000-4000-8000-000000000005,simpost0000000000000011,2026-01-05T21:58:14.153556Z,8,,,ad238d36-dc32-2c97-39c1-e262f76c8ede
a1000000-0000-4000-8000-000000000005,simpost0000000000000002,2026-01-07T18:24:14.262125Z,1,,,965befdf-6b4b-e411-8a4a-0e2df22b5b98
a1000000-0000-4000-8000-000000000005,simpost0000000000000037,2026-01-07T18:24:14.262125Z,2,,,965befdf-6b4b-e411-8a4a-0e2df22b5b98
a1000000-0000-4000-8000-000000000005,simpost0000000000000036,2026-01-07T18:24:14.262125Z,3,,,965befdf-6b4b-e411-8a4a-0e2df22b5b98
a1000000-0000-4000-8000-000000000005,simpost0000000000000009,2026-01-07T18:24:14.262125Z,4,,,965befdf-6b4b-e411-8a4a-0e2df22b5b98
a1000000-0000-4000-8000-000000000005,simpost0000000000000006,2026-01-07T18:24:14.262125Z,5,,,965befdf-6b4b-e411-8a4a-0e2df22b5b98
a1000000-0000-4000-8000-000000000005,simpost0000000000000014,2026-01-07T18:24:14.262125Z,6,,,965befdf-6b4b-e411-8a4a-0e2df22b5b98
a1000000-0000-4000-8000-000000000005,simpost0000000000000013,2026-01-07T18:24:14.262125Z,7,,,965befdf-6b4b-e411-8a4a-0e2df22b5b98
a1000000-0000-4000-8000-000000000005,simpost0000000000000008,2026-01-07T18:24:14.262125Z,8,,,965befdf-6b4b-e411-8a4a-0e2df22b5b98
a1000000-0000-4000-8000-000000000006,simpost0000000000000001,2026-01-01T12:35:59.401493Z,1,,,989240ac-e689-33a9-c9e4-8e8c25c61c45
a1000000-0000-4000-8000-000000000006,simpost0000000000000006,2026-01-01T12:35:59.401493Z,2,,,989240ac-e689-33a9-c9e4-8e8c25c61c45
a1000000-0000-4000-8000-000000000006,simpost0000000000000016,2026-01-01T12:35:59.401493Z,3,,,989240ac-e689-33a9-c9e4-8e8c25c61c45
a1000000-0000-4000-8000-000000000006,simpost0000000000000011,2026-01-01T12:35:59.401493Z,4,,,989240ac-e689-33a9-c9e4-8e8c25c61c45
a1000000-0000-4000-8000-000000000006,simpost0000000000000031,2026-01-01T12:35:59.401493Z,5,,,989240ac-e689-33a9-c9e4-8e8c25c61c45
a1000000-0000-4000-8000-000000000006,simpost0000000000000007,2026-01-01T12:35:59.401493Z,6,,,989240ac-e689-33a9-c9e4-8e8c25c61c45
a1000000-0000-4000-8000-000000000006,simpost0000000000000002,2026-01-01T12:35:59.401493Z,7,,,989240ac-e689-33a9-c9e4-8e8c25c61c45
a1000000-0000-4000-8000-000000000006,simpost0000000000000035,2026-01-01T12:35:59.401493Z,8,,,989240ac-e689-33a9-c9e4-8e8c25c61c45
a1000000-0000-4000-8000-000000000006,simpost0000000000000036,2026-01-02T21:23:18.594469Z,1,,,a79b44b6-da50-9fed-1d4a-3d81b3a7d0e0
a1000000-0000-4000-8000-000000000006,simpost0000000000000026,2026-01-02T21:23:18.594469Z,2,,,a79b44b6-da50-9fed-1d4a-3d81b3a7d0e0
a1000000-0000-4000-8000-000000000006,simpost0000000000000021,2026-01-02T21:23:18.594469Z,3,,,a79b44b6-da50-9fed-1d4a-3d81b3a7d0e0
a1000000-0000-4000-8000-000000000006,simpost0000000000000027,2026-01-02T21:23:18.594469Z,4,,,a79b44b6-da50-9fed-1d4a-3d81b3a7d0e0
a1000000-0000-4000-8000-000000000006,simpost0000000000000017,2026-01-02T21:23:18.594469Z,5,,,a79b44b6-da50-9fed-1d4a-3d81b3a7d0e0
a1000000-0000-4000-8000-000000000006,simpost0000000000000012,2026-01-02T21:23:18.594469Z,6,,,a79b44b6-da50-9fed-1d4a-3d81b3a7d0e0
a1000000-0000-4000-8000-000000000006,simpost0000000000000022,2026-01-02T21:23:18.594469Z,7,,,a79b44b6-da50-9fed-1d4a-3d81b3a7d0e0
a1000000-0000-4000-8000-000000000006,simpost0000000000000028,2026-01-02T21:23:18.594469Z,8,,,a79b44b6-da50-9fed-1d4a-3d81b3a7d0e0
a1000000-0000-4000-8000-000000000006,simpost0000000000000037,2026-01-04T19:18:03.957106Z,1,,,c4767556-f97b-e2dd-8f9b-72aed85c16bd
a1000000-0000-4000-8000-000000000006,simpost0000000000000032,2026-01-04T19:18:03.957106Z,2,,,c4767556-f97b-e2dd-8f9b-72aed85c16bd
a1000000-0000-4000-8000-000000000006,simpost0000000000000023,2026-01-04T19:18:03.957106Z,3,,,c4767556-f97b-e2dd-8f9b-72aed85c16bd
a1000000-0000-4000-8000-000000000006,simpost0000000000000003,2026-01-04T19:18:03.957106Z,4,,,c4767556-f97b-e2dd-8f9b-72aed85c16bd
a1000000-0000-4000-8000-000000000006,simpost0000000000000038,2026-01-04T19:18:03.957106Z,5,,,c4767556-f97b-e2dd-8f9b-72aed85c16bd
a1000000-0000-4000-8000-000000000006,simpost0000000000000033,2026-01-04T19:18:03.957106Z,6,,,c4767556-f97b-e2dd-8f9b-72aed85c16bd
a1000000-0000-4000-8000-000000000006,simpost0000000000000008,2026-01-04T19:18:03.957106Z,7,,,c4767556-f97b-e2dd-8f9b-72aed85c16bd
a1000000-0000-4000-8000-000000000006,simpost0000000000000010,2026-01-04T19:18:03.957106Z,8,,,c4767556-f97b-e2dd-8f9b-72aed85c16bd
a1000000-0000-4000-8000-000000000006,simpost0000000000000013,2026-01-06T03:22:37.479000Z,1,,,652ffb49-3873-e57f-0ba0-78e84ef492c1
a1000000-0000-4000-8000-000000000006,simpost0000000000000018,2026-01-06T03:22:37.479000Z,2,,,652ffb49-3873-e57f-0ba0-78e84ef492c1
a1000000-0000-4000-8000-000000000006,simpost0000000000000040,2026-01-06T03:22:37.479000Z,3,,,652ffb49-3873-e57f-0ba0-78e84ef492c1
a1000000-0000-4000-8000-000000000006,simpost0000000000000005,2026-01-06T03:22:37.479000Z,4,,,652ffb49-3873-e57f-0ba0-78e84ef492c1
a1000000-0000-4000-8000-000000000006,simpost0000000000000034,2026-01-06T03:22:37.479000Z,5,,,652ffb49-3873-e57f-0ba0-78e84ef492c1
a1000000-0000-4000-8000-000000000006,simpost0000000000000024,2026-01-06T03:22:37.479000Z,6,,,652ffb49-3873-e57f-0ba0-78e84ef492c1
a1000000-0000-4000-8000-000000000006,simpost0000000000000025,2026-01-06T03:22:37.479000Z,7,,,652ffb49-3873-e57f-0ba0-78e84ef492c1
a1000000-0000-4000-8000-000000000006,simpost0000000000000009,2026-01-06T03:22:37.479000Z,8,,,652ffb49-3873-e57f-0ba0-78e84ef492c1
a1000000-0000-4000-8000-000000000006,simpost0000000000000019,2026-01-07T11:24:23.150331Z,1,,,1422373f-8622-68d1-6683-e10796c044d0
a1000000-0000-4000-8000-000000000006,simpost0000000000000015,2026-01-07T11:24:23.150331Z,2,,,1422373f-8622-68d1-6683-e10796c044d0
a1000000-0000-4000-8000-000000000006,simpost0000000000000020,2026-01-07T11:24:23.150331Z,3,,,1422373f-8622-68d1-6683-e10796c044d0
a1000000-0000-4000-8000-000000000006,simpost0000000000000014,2026-01-07T11:24:23.150331Z,4,,,1422373f-8622-68d1-6683-e10796c044d0
a1000000-0000-4000-8000-000000000006,simpost0000000000000004,2026-01-07T11:24:23.150331Z,5,,,1422373f-8622-68d1-6683-e10796c044d0
a1000000-0000-4000-8000-000000000006,simpost0000000000000030,2026-01-07T11:24:23.150331Z,6,,,1422373f-8622-68d1-6683-e10796c044d0
a1000000-0000-4000-8000-000000000006,simpost0000000000000029,2026-01-07T11:24:23.150331Z,7,,,1422373f-8622-68d1-6683-e10796c044d0
a1000000-0000-4000-8000-000000000006,simpost0000000000000039,2026-01-07T11:24:23.150331Z,8,,,1422373f-8622-68d1-6683-e10796c044d0
a1000000-0000-4000-8000-000000000007,simpost0000000000000002,2026-01-01T19:08:55.015829Z,1,,,81e0d489-5a18-e2a3-0e61-4bcd97674900
a1000000-0000-4000-8000-000000000007,simpost0000000000000017,2026-01-01T19:08:55.015829Z,2,,,81e0d489-5a18-e2a3-0e61-4bcd97674900
a1000000-0000-4000-8000-000000000007,simpost0000000000000012,2026-01-01T19:08:55.015829Z,3,,,81e0d489-5a18-e2a3-0e61-4bcd97674900
a1000000-0000-4000-8000-000000000007,simpost0000000000000007,2026-01-01T19:08:55.015829Z,4,,,81e0d489-5a18-e2a3-0e61-4bcd97674900
a1000000-0000-4000-8000-000000000007,simpost0000000000000021,2026-01-01T19:08:55.015829Z,5,,,81e0d489-5a18-e2a3-0e61-4bcd97674900
a1000000-0000-4000-8000-000000000007,simpost0000000000000038,2026-01-01T19:08:55.015829Z,6,,,81e0d489-5a18-e2a3-0e61-4bcd97674900
a1000000-0000-4000-8000-000000000007,simpost0000000000000004,2026-01-01T19:08:55.015829Z,7,,,81e0d489-5a18-e2a3-0e61-4bcd97674900
a1000000-0000-4000-8000-000000000007,simpost0000000000000029,2026-01-01T19:08:55.015829Z,8,,,81e0d489-5a18-e2a3-0e61-4bcd97674900
a1000000-0000-4000-8000-000000000007,simpost0000000000000032,2026-01-02T23:31:40.587562Z,1,,,e806133c-f6e3-9356-a814-9562da003f16
a1000000-0000-4000-8000-000000000007,simpost0000000000000037,2026-01-02T23:31:40.587562Z,2,,,e806133c-f6e3-9356-a814-9562da003f16
a1000000-0000-4000-8000-000000000007,simpost0000000000000022,2026-01-02T23:31:40.587562Z,3,,,e806133c-f6e3-9356-a814-9562da003f16
a1000000-0000-4000-8000-000000000007,simpost0000000000000027,2026-01-02T23:31:40.587562Z,4,,,e806133c-f6e3-9356-a814-9562da003f16
a1000000-0000-4000-8000-000000000007,simpost0000000000000011,2026-01-02T23:31:40.587562Z,5,,,e806133c-f6e3-9356-a814-9562da003f16
a1000000-0000-4000-8000-000000000007,simpost0000000000000006,2026-01-02T23:31:40.587562Z,6,,,e806133c-f6e3-9356-a814-9562da003f16
a1000000-0000-4000-8000-000000000007,simpost0000000000000026,2026-01-02T23:31:40.587562Z,7,,,e806133c-f6e3-9356-a814-9562da003f16
a1000000-0000-4000-8000-000000000007,simpost0000000000000028,2026-01-02T23:31:40.587562Z,8,,,e806133c-f6e3-9356-a814-9562da003f16
a1000000-0000-4000-8000-000000000007,simpost0000000000000031,2026-01-04T16:21:41.220630Z,1,,,d4d30795-2e4b-ebc4-2989-0880277d1be9
a1000000-0000-4000-8000-000000000007,simpost0000000000000036,2026-01-04T16:21:41.220630Z,2,,,d4d30795-2e4b-ebc4-2989-0880277d1be9
a1000000-0000-4000-8000-000000000007,simpost0000000000000001,2026-01-04T16:21:41.220630Z,3,,,d4d30795-2e4b-ebc4-2989-0880277d1be9
a1000000-0000-4000-8000-000000000007,simpost0000000000000023,2026-01-04T16:21:41.220630Z,4,,,d4d30795-2e4b-ebc4-2989-0880277d1be9
a1000000-0000-4000-8000-000000000007,simpost0000000000000015,2026-01-04T16:21:41.220630Z,5,,,d4d30795-2e4b-ebc4-2989-0880277d1be9
a1000000-0000-4000-8000-000000000007,simpost0000000000000040,2026-01-04T16:21:41.220630Z,6,,,d4d30795-2e4b-ebc4-2989-0880277d1be9
a1000000-0000-4000-8000-000000000007,simpost0000000000000019,2026-01-04T16:21:41.220630Z,7,,,d4d30795-2e4b-ebc4-2989-0880277d1be9
a1000000-0000-4000-8000-000000000007,simpost0000000000000024,2026-01-04T16:21:41.220630Z,8,,,d4d30795-2e4b-ebc4-2989-0880277d1be9
a1000000-0000-4000-8000-000000000007,simpost0000000000000016,2026-01-06T03:13:21.833133Z,1,,,c35b9fea-1578-d709-48f9-e3d01feae1e0
a1000000-0000-4000-8000-000000000007,simpost0000000000000008,2026-01-06T03:13:21.833133Z,2,,,c35b9fea-1578-d709-48f9-e3d01feae1e0
a1000000-0000-4000-8000-000000000007,simpost0000000000000018,2026-01-06T03:13:21.833133Z,3,,,c35b9fea-1578-d709-48f9-e3d01feae1e0
a1000000-0000-4000-8000-000000000007,simpost0000000000000033,2026-01-06T03:13:21.833133Z,4,,,c35b9fea-1578-d709-48f9-e3d01feae1e0
a1000000-0000-4000-8000-000000000007,simpost0000000000000003,2026-01-06T03:13:21.833133Z,5,,,c35b9fea-1578-d709-48f9-e3d01feae1e0
a1000000-0000-4000-8000-000000000007,simpost0000000000000035,2026-01-06T03:13:21.833133Z,6,,,c35b9fea-1578-d709-48f9-e3d01feae1e0
a1000000-0000-4000-8000-000000000007,simpost0000000000000030,2026-01-06T03:13:21.833133Z,7,,,c35b9fea-1578-d709-48f9-e3d01feae1e0
a1000000-0000-4000-8000-000000000007,simpost0000000000000034,2026-01-06T03:13:21.833133Z,8,,,c35b9fea-1578-d709-48f9-e3d01feae1e0
a1000000-0000-4000-8000-000000000007,simpost0000000000000013,2026-01-07T13:55:32.039851Z,1,,,4d183eba-3cd5-fd7f-49c1-0669c6b33fe6
a1000000-0000-4000-8000-000000000007,simpost0000000000000005,2026-01-07T13:55:32.039851Z,2,,,4d183eba-3cd5-fd7f-49c1-0669c6b33fe6
a1000000-0000-4000-8000-000000000007,simpost0000000000000020,2026-01-07T13:55:32.039851Z,3,,,4d183eba-3cd5-fd7f-49c1-0669c6b33fe6
a1000000-0000-4000-8000-000000000007,simpost0000000000000025,2026-01-07T13:55:32.039851Z,4,,,4d183eba-3cd5-fd7f-49c1-0669c6b33fe6
a1000000-0000-4000-8000-000000000007,simpost0000000000000010,2026-01-07T13:55:32.039851Z,5,,,4d183eba-3cd5-fd7f-49c1-0669c6b33fe6
a1000000-0000-4000-8000-000000000007,simpost0000000000000009,2026-01-07T13:55:32.039851Z,6,,,4d183eba-3cd5-fd7f-49c1-0669c6b33fe6
a1000000-0000-4000-8000-000000000007,simpost0000000000000039,2026-01-07T13:55:32.039851Z,7,,,4d183eba-3cd5-fd7f-49c1-0669c6b33fe6
a1000000-0000-4000-8000-000000000007,simpost0000000000000014,2026-01-07T13:55:32.039851Z,8,,,4d183eba-3cd5-fd7f-49c1-0669c6b33fe6
a1000000-0000-4000-8000-000000000008,simpost0000000000000018,2026-01-01T19:23:20.846824Z,1,,,af475b49-c775-e395-d494-05f02cd2a404
a1000000-0000-4000-8000-000000000008,simpost0000000000000028,2026-01-01T19:23:20.846824Z,2,,,af475b49-c775-e395-d494-05f02cd2a404
a1000000-0000-4000-8000-000000000008,simpost0000000000000033,2026-01-01T19:23:20.846824Z,3,,,af475b49-c775-e395-d494-05f02cd2a404
a1000000-0000-4000-8000-000000000008,simpost0000000000000003,2026-01-01T19:23:20.846824Z,4,,,af475b49-c775-e395-d494-05f02cd2a404
a1000000-0000-4000-8000-000000000008,simpost0000000000000013,2026-01-01T19:23:20.846824Z,5,,,af475b49-c775-e395-d494-05f02cd2a404
a1000000-0000-4000-8000-000000000008,simpost0000000000000024,2026-01-01T19:23:20.846824Z,6,,,af475b49-c775-e395-d494-05f02cd2a404
a1000000-0000-4000-8000-000000000008,simpost0000000000000034,2026-01-01T19:23:20.846824Z,7,,,af475b49-c775-e395-d494-05f02cd2a404
a1000000-0000-4000-8000-000000000008,simpost0000000000000016,2026-01-01T19:23:20.846824Z,8,,,af475b49-c775-e395-d494-05f02cd2a404
a1000000-0000-4000-8000-000000000008,simpost0000000000000038,2026-01-03T05:15:10.328761Z,1,,,b7b8c1a5-9a45-693d-7227-890e4e76833a
a1000000-0000-4000-8000-000000000008,simpost0000000000000008,2026-01-03T05:15:10.328761Z,2,,,b7b8c1a5-9a45-693d-7227-890e4e76833a
a1000000-0000-4000-8000-000000000008,simpost0000000000000020,2026-01-03T05:15:10.328761Z,3,,,b7b8c1a5-9a45-693d-7227-890e4e76833a
a1000000-0000-4000-8000-000000000008,simpost0000000000000030,2026-01-03T05:15:10.328761Z,4,,,b7b8c1a5-9a45-693d-7227-890e4e76833a
a1000000-0000-4000-8000-000000000008,simpost0000000000000010,2026-01-03T05:15:10.328761Z,5,,,b7b8c1a5-9a45-693d-7227-890e4e76833a
a1000000-0000-4000-8000-000000000008,simpost0000000000000040,2026-01-03T05:15:10.328761Z,6,,,b7b8c1a5-9a45-693d-7227-890e4e76833a
a1000000-0000-4000-8000-000000000008,simpost0000000000000014,2026-01-03T05:15:10.328761Z,7,,,b7b8c1a5-9a45-693d-7227-890e4e76833a
a1000000-0000-4000-8000-000000000008,simpost0000000000000004,2026-01-03T05:15:10.328761Z,8,,,b7b8c1a5-9a45-693d-7227-890e4e76833a
a1000000-0000-4000-8000-000000000008,simpost0000000000000023,2026-01-04T15:14:54.361820Z,1,,,4303cbc1-1e25-95b8-8fc9-c86be9ddebf5
a1000000-0000-4000-8000-000000000008,simpost0000000000000027,2026-01-04T15:14:54.361820Z,2,,,4303cbc1-1e25-95b8-8fc9-c86be9ddebf5
a1000000-0000-4000-8000-000000000008,simpost0000000000000007,2026-01-04T15:14:54.361820Z,3,,,4303cbc1-1e25-95b8-8fc9-c86be9ddebf5
a1000000-0000-4000-8000-000000000008,simpost0000000000000025,2026-01-04T15:14:54.361820Z,4,,,4303cbc1-1e25-95b8-8fc9-c86be9ddebf5
a1000000-0000-4000-8000-000000000008,simpost0000000000000005,2026-01-04T15:14:54.361820Z,5,,,4303cbc1-1e25-95b8-8fc9-c86be9ddebf5
a1000000-0000-4000-8000-000000000008,simpost0000000000000039,2026-01-04T15:14:54.361820Z,6,,,4303cbc1-1e25-95b8-8fc9-c86be9ddebf5
a1000000-0000-4000-8000-000000000008,simpost0000000000000009,2026-01-04T15:14:54.361820Z,7,,,4303cbc1-1e25-95b8-8fc9-c86be9ddebf5
a1000000-0000-4000-8000-000000000008,simpost0000000000000031,2026-01-04T15:14:54.361820Z,8,,,4303cbc1-1e25-95b8-8fc9-c86be9ddebf5
a1000000-0000-4000-8000-000000000008,simpost0000000000000017,2026-01-05T20:55:13.704505Z,1,,,b807d78a-b788-f5d1-ffe5-75f665edcfe3
a1000000-0000-4000-8000-000000000008,simpost0000000000000002,2026-01-05T20:55:13.704505Z,2,,,b807d78a-b788-f5d1-ffe5-75f665edcfe3
a1000000-0000-4000-8000-000000000008,simpost0000000000000015,2026-01-05T20:55:13.704505Z,3,,,b807d78a-b788-f5d1-ffe5-75f665edcfe3
a1000000-0000-4000-8000-000000000008,simpost0000000000000032,2026-01-05T20:55:13.704505Z,4,,,b807d78a-b788-f5d1-ffe5-75f665edcfe3
a1000000-0000-4000-8000-000000000008,simpost0000000000000019,2026-01-05T20:55:13.704505Z,5,,,b807d78a-b788-f5d1-ffe5-75f665edcfe3
a1000000-0000-4000-8000-000000000008,simpost0000000000000029,2026-01-05T20:55:13.704505Z,6,,,b807d78a-b788-f5d1-ffe5-75f665edcfe3
a1000000-0000-4000-8000-000000000008,simpost0000000000000021,2026-01-05T20:55:13.704505Z,7,,,b807d78a-b788-f5d1-ffe5-75f665edcfe3
a1000000-0000-4000-8000-000000000008,simpost0000000000000011,2026-01-05T20:55:13.704505Z,8,,,b807d78a-b788-f5d1-ffe5-75f665edcfe3
a1000000-0000-4000-8000-000000000008,simpost0000000000000022,2026-01-07T10:23:48.511402Z,1,,,9aea622f-e6e9-87ca-b87b-63849fddde2e
a1000000-0000-4000-8000-000000000008,simpost0000000000000037,2026-01-07T10:23:48.511402Z,2,,,9aea622f-e6e9-87ca-b87b-63849fddde2e
a1000000-0000-4000-8000-000000000008,simpost0000000000000035,2026-01-07T10:23:48.511402Z,3,,,9aea622f-e6e9-87ca-b87b-63849fddde2e
a1000000-0000-4000-8000-000000000008,simpost0000000000000012,2026-01-07T10:23:48.511402Z,4,,,9aea622f-e6e9-87ca-b87b-63849fddde2e
a1000000-0000-4000-8000-000000000008,simpost0000000000000001,2026-01-07T10:23:48.511402Z,5,,,9aea622f-e6e9-87ca-b87b-63849fddde2e
a1000000-0000-4000-8000-000000000008,simpost0000000000000006,2026-01-07T10:23:48.511402Z,6,,,9aea622f-e6e9-87ca-b87b-63849fddde2e
a1000000-0000-4000-8000-000000000008,simpost0000000000000036,2026-01-07T10:23:48.511402Z,7,,,9aea622f-e6e9-87ca-b87b-63849fddde2e
a1000000-0000-4000-8000-000000000008,simpost0000000000000026,2026-01-07T10:23:48.511402Z,8,,,9aea622f-e6e9-87ca-b87b-63849fddde2e
a1000000-0000-4000-8000-000000000009,simpost0000000000000009,2026-01-01T11:28:15.111679Z,1,,,f204be89-4a4b-5563-0cf4-77ef18c8a616
a1000000-0000-4000-8000-000000000009,simpost0000000000000018,2026-01-01T11:28:15.111679Z,2,,,f204be89-4a4b-5563-0cf4-77ef18c8a616
a1000000-0000-4000-8000-000000000009,simpost0000000000000025,2026-01-01T11:28:15.111679Z,3,,,f204be89-4a4b-5563-0cf4-77ef18c8a616
a1000000-0000-4000-8000-000000000009,simpost0000000000000010,2026-01-01T11:28:15.111679Z,4,,,f204be89-4a4b-5563-0cf4-77ef18c8a616
a1000000-0000-4000-8000-000000000009,simpost0000000000000035,2026-01-01T11:28:15.111679Z,5,,,f204be89-4a4b-5563-0cf4-77ef18c8a616
a1000000-0000-4000-8000-000000000009,simpost0000000000000015,2026-01-01T11:28:15.111679Z,6,,,f204be89-4a4b-5563-0cf4-77ef18c8a616
a1000000-0000-4000-8000-000000000009,simpost0000000000000017,2026-01-01T11:28:15.111679Z,7,,,f204be89-4a4b-5563-0cf4-77ef18c8a616
a1000000-0000-4000-8000-000000000009,simpost0000000000000026,2026-01-01T11:28:15.111679Z,8,,,f204be89-4a4b-5563-0cf4-77ef18c8a616
a1000000-0000-4000-8000-000000000009,simpost0000000000000019,2026-01-03T05:31:32.091462Z,1,,,18c01e2b-f99f-0704-20f0-156a1e6a6628
a1000000-0000-4000-8000-000000000009,simpost0000000000000034,2026-01-03T05:31:32.091462Z,2,,,18c01e2b-f99f-0704-20f0-156a1e6a6628
a1000000-0000-4000-8000-000000000009,simpost0000000000000014,2026-01-03T05:31:32.091462Z,3,,,18c01e2b-f99f-0704-20f0-156a1e6a6628
a1000000-0000-4000-8000-000000000009,simpost0000000000000039,2026-01-03T05:31:32.091462Z,4,,,18c01e2b-f99f-0704-20f0-156a1e6a6628
a1000000-0000-4000-8000-000000000009,simpost0000000000000029,2026-01-03T05:31:32.091462Z,5,,,18c01e2b-f99f-0704-20f0-156a1e6a6628
a1000000-0000-4000-8000-000000000009,simpost0000000000000004,2026-01-03T05:31:32.091462Z,6,,,18c01e2b-f99f-0704-20f0-156a1e6a6628
a1000000-0000-4000-8000-000000000009,simpost0000000000000024,2026-01-03T05:31:32.091462Z,7,,,18c01e2b-f99f-0704-20f0-156a1e6a6628
a1000000-0000-4000-8000-000000000009,simpost0000000000000022,2026-01-03T05:31:32.091462Z,8,,,18c01e2b-f99f-0704-20f0-156a1e6a6628
a1000000-0000-4000-8000-000000000009,simpost0000000000000038,2026-01-04T19:46:34.823098Z,1,,,3e00980e-ae44-1e21-d258-64f225d4a0fc
a1000000-0000-4000-8000-000000000009,simpost0000000000000003,2026-01-04T19:46:34.823098Z,2,,,3e00980e-ae44-1e21-d258-64f225d4a0fc
a1000000-0000-4000-8000-000000000009,simpost0000000000000013,2026-01-04T19:46:34.823098Z,3,,,3e00980e-ae44-1e21-d258-64f225d4a0fc
a1000000-0000-4000-8000-000000000009,simpost0000000000000008,2026-01-04T19:46:34.823098Z,4,,,3e00980e-ae44-1e21-d258-64f225d4a0fc
a1000000-0000-4000-8000-000000000009,simpost0000000000000023,2026-01-04T19:46:34.823098Z,5,,,3e00980e-ae44-1e21-d258-64f225d4a0fc
a1000000-0000-4000-8000-000000000009,simpost0000000000000005,2026-01-04T19:46:34.823098Z,6,,,3e00980e-ae44-1e21-d258-64f225d4a0fc
a1000000-0000-4000-8000-000000000009,simpost0000000000000002,2026-01-04T19:46:34.823098Z,7,,,3e00980e-ae44-1e21-d258-64f225d4a0fc
a1000000-0000-4000-8000-000000000009,simpost0000000000000032,2026-01-04T19:46:34.823098Z,8,,,3e00980e-ae44-1e21-d258-64f225d4a0fc
a1000000-0000-4000-8000-000000000009,simpost0000000000000033,2026-01-06T02:43:02.092529Z,1,,,cb9faf6d-ef3a-6f27-ef06-fccb8f7c1d59
a1000000-0000-4000-8000-000000000009,simpost0000000000000028,2026-01-06T02:43:02.092529Z,2,,,cb9faf6d-ef3a-6f27-ef06-fccb8f7c1d59
a1000000-0000-4000-8000-000000000009,simpost0000000000000020,2026-01-06T02:43:02.092529Z,3,,,cb9faf6d-ef3a-6f27-ef06-fccb8f7c1d59
a1000000-0000-4000-8000-000000000009,simpost0000000000000030,2026-01-06T02:43:02.092529Z,4,,,cb9faf6d-ef3a-6f27-ef06-fccb8f7c1d59
a1000000-0000-4000-8000-000000000009,simpost0000000000000040,2026-01-06T02:43:02.092529Z,5,,,cb9faf6d-ef3a-6f27-ef06-fccb8f7c1d59
a1000000-0000-4000-8000-000000000009,simpost0000000000000012,2026-01-06T02:43:02.092529Z,6,,,cb9faf6d-ef3a-6f27-ef06-fccb8f7c1d59
a1000000-0000-4000-8000-000000000009,simpost0000000000000011,2026-01-06T02:43:02.092529Z,7,,,cb9faf6d-ef3a-6f27-ef06-fccb8f7c1d59
a1000000-0000-4000-8000-000000000009,simpost0000000000000036,2026-01-06T02:43:02.092529Z,8,,,cb9faf6d-ef3a-6f27-ef06-fccb8f7c1d59
a1000000-0000-4000-8000-000000000009,simpost0000000000000007,2026-01-07T14:39:35.262076Z,1,,,f6c31218-c183-6315-330f-8be1a689b424
a1000000-0000-4000-8000-000000000009,simpost0000000000000037,2026-01-07T14:39:35.262076Z,2,,,f6c31218-c183-6315-330f-8be1a689b424
a1000000-0000-4000-8000-000000000009,simpost0000000000000027,2026-01-07T14:39:35.262076Z,3,,,f6c31218-c183-6315-330f-8be1a689b424
a1000000-0000-4000-8000-000000000009,simpost0000000000000016,2026-01-07T14:39:35.262076Z,4,,,f6c31218-c183-6315-330f-8be1a689b424
a1000000-0000-4000-8000-000000000009,simpost0000000000000001,2026-01-07T14:39:35.262076Z,5,,,f6c31218-c183-6315-330f-8be1a689b424
a1000000-0000-4000-8000-000000000009,simpost0000000000000006,2026-01-07T14:39:35.262076Z,6,,,f6c31218-c183-6315-330f-8be1a689b424
a1000000-0000-4000-8000-000000000009,simpost0000000000000031,2026-01-07T14:39:35.262076Z,7,,,f6c31218-c183-6315-330f-8be1a689b424
a1000000-0000-4000-8000-000000000009,simpost0000000000000021,2026-01-07T14:39:35.262076Z,8,,,f6c31218-c183-6315-330f-8be1a689b424
a1000000-0000-4000-8000-000000000010,simpost0000000000000030,2026-01-01T12:37:46.478480Z,1,,,41dc1c60-a5f6-0735-757b-6b29bb2aa146
a1000000-0000-4000-8000-000000000010,simpost0000000000000015,2026-01-01T12:37:46.478480Z,2,,,41dc1c60-a5f6-0735-757b-6b29bb2aa146
a1000000-0000-4000-8000-000000000010,simpost0000000000000010,2026-01-01T12:37:46.478480Z,3,,,41dc1c60-a5f6-0735-757b-6b29bb2aa146
a1000000-0000-4000-8000-000000000010,simpost0000000000000002,2026-01-01T12:37:46.478480Z,4,,,41dc1c60-a5f6-0735-757b-6b29bb2aa146
a1000000-0000-4000-8000-000000000010,simpost0000000000000011,2026-01-01T12:37:46.478480Z,5,,,41dc1c60-a5f6-0735-757b-6b29bb2aa146
a1000000-0000-4000-8000-000000000010,simpost0000000000000028,2026-01-01T12:37:46.478480Z,6,,,41dc1c60-a5f6-0735-757b-6b29bb2aa146
a1000000-0000-4000-8000-000000000010,simpost0000000000000026,2026-01-01T12:37:46.478480Z,7,,,41dc1c60-a5f6-0735-757b-6b29bb2aa146
a1000000-0000-4000-8000-000000000010,simpost0000000000000029,2026-01-01T12:37:46.478480Z,8,,,41dc1c60-a5f6-0735-757b-6b29bb2aa146
a1000000-0000-4000-8000-000000000010,simpost0000000000000035,2026-01-03T06:36:10.466375Z,1,,,37e9d2e2-d35a-c07a-aa02-17d0cd4f8b2b
a1000000-0000-4000-8000-000000000010,simpost0000000000000025,2026-01-03T06:36:10.466375Z,2,,,37e9d2e2-d35a-c07a-aa02-17d0cd4f8b2b
a1000000-0000-4000-8000-000000000010,simpost0000000000000020,2026-01-03T06:36:10.466375Z,3,,,37e9d2e2-d35a-c07a-aa02-17d0cd4f8b2b
a1000000-0000-4000-8000-000000000010,simpost0000000000000040,2026-01-03T06:36:10.466375Z,4,,,37e9d2e2-d35a-c07a-aa02-17d0cd4f8b2b
a1000000-0000-4000-8000-000000000010,simpost0000000000000037,2026-01-03T06:36:10.466375Z,5,,,37e9d2e2-d35a-c07a-aa02-17d0cd4f8b2b
a1000000-0000-4000-8000-000000000010,simpost0000000000000021,2026-01-03T06:36:10.466375Z,6,,,37e9d2e2-d35a-c07a-aa02-17d0cd4f8b2b
a1000000-0000-4000-8000-000000000010,simpost0000000000000019,2026-01-03T06:36:10.466375Z,7,,,37e9d2e2-d35a-c07a-aa02-17d0cd4f8b2b
a1000000-0000-4000-8000-000000000010,simpost0000000000000009,2026-01-03T06:36:10.466375Z,8,,,37e9d2e2-d35a-c07a-aa02-17d0cd4f8b2b
a1000000-0000-4000-8000-000000000010,simpost0000000000000005,2026-01-04T08:26:39.437500Z,1,,,22ab7752-c4db-5a62-2e13-418d68ab80ea
a1000000-0000-4000-8000-000000000010,simpost0000000000000027,2026-01-04T08:26:39.437500Z,2,,,22ab7752-c4db-5a62-2e13-418d68ab80ea
a1000000-0000-4000-8000-000000000010,simpost0000000000000017,2026-01-04T08:26:39.437500Z,3,,,22ab7752-c4db-5a62-2e13-418d68ab80ea
a1000000-0000-4000-8000-000000000010,simpost0000000000000039,2026-01-04T08:26:39.437500Z,4,,,22ab7752-c4db-5a62-2e13-418d68ab80ea
a1000000-0000-4000-8000-000000000010,simpost0000000000000006,2026-01-04T08:26:39.437500Z,5,,,22ab7752-c4db-5a62-2e13-418d68ab80ea
a1000000-0000-4000-8000-000000000010,simpost0000000000000038,2026-01-04T08:26:39.437500Z,6,,,22ab7752-c4db-5a62-2e13-418d68ab80ea
a1000000-0000-4000-8000-000000000010,simpost0000000000000033,2026-01-04T08:26:39.437500Z,7,,,22ab7752-c4db-5a62-2e13-418d68ab80ea
a1000000-0000-4000-8000-000000000010,simpost0000000000000034,2026-01-04T08:26:39.437500Z,8,,,22ab7752-c4db-5a62-2e13-418d68ab80ea
a1000000-0000-4000-8000-000000000010,simpost0000000000000022,2026-01-05T20:13:08.548137Z,1,,,980cb95c-19d4-5deb-1139-fa1234c1c3ea
a1000000-0000-4000-8000-000000000010,simpost0000000000000007,2026-01-05T20:13:08.548137Z,2,,,980cb95c-19d4-5deb-1139-fa1234c1c3ea
a1000000-0000-4000-8000-000000000010,simpost0000000000000001,2026-01-05T20:13:08.548137Z,3,,,980cb95c-19d4-5deb-1139-fa1234c1c3ea
a1000000-0000-4000-8000-000000000010,simpost0000000000000023,2026-01-05T20:13:08.548137Z,4,,,980cb95c-19d4-5deb-1139-fa1234c1c3ea
a1000000-0000-4000-8000-000000000010,simpost0000000000000003,2026-01-05T20:13:08.548137Z,5,,,980cb95c-19d4-5deb-1139-fa1234c1c3ea
a1000000-0000-4000-8000-000000000010,simpost0000000000000024,2026-01-05T20:13:08.548137Z,6,,,980cb95c-19d4-5deb-1139-fa1234c1c3ea
a1000000-0000-4000-8000-000000000010,simpost0000000000000013,2026-01-05T20:13:08.548137Z,7,,,980cb95c-19d4-5deb-1139-fa1234c1c3ea
a1000000-0000-4000-8000-000000000010,simpost0000000000000008,2026-01-05T20:13:08.548137Z,8,,,980cb95c-19d4-5deb-1139-fa1234c1c3ea
a1000000-0000-4000-8000-000000000010,simpost0000000000000032,2026-01-07T13:16:13.593501Z,1,,,3db0174e-7938-878a-89b5-aab0c12169db
a1000000-0000-4000-8000-000000000010,simpost0000000000000012,2026-01-07T13:16:13.593501Z,2,,,3db0174e-7938-878a-89b5-aab0c12169db
a1000000-0000-4000-8000-000000000010,simpost0000000000000031,2026-01-07T13:16:13.593501Z,3,,,3db0174e-7938-878a-89b5-aab0c12169db
a1000000-0000-4000-8000-000000000010,simpost0000000000000036,2026-01-07T13:16:13.593501Z,4,,,3db0174e-7938-878a-89b5-aab0c12169db
a1000000-0000-4000-8000-000000000010,simpost0000000000000018,2026-01-07T13:16:13.593501Z,5,,,3db0174e-7938-878a-89b5-aab0c12169db
a1000000-0000-4000-8000-000000000010,simpost0000000000000014,2026-01-07T13:16:13.593501Z,6,,,3db0174e-7938-878a-89b5-aab0c12169db
a1000000-0000-4000-8000-000000000010,simpost0000000000000016,2026-01-07T13:16:13.593501Z,7,,,3db0174e-7938-878a-89b5-aab0c12169db
a1000000-0000-4000-8000-000000000010,simpost0000000000000004,2026-01-07T13:16:13.593501Z,8,,,3db0174e-7938-878a-89b5-aab0c12169db
