user_id,post_id,created_at
a1000000-0000-4000-8000-000000000001,simpost0000000000000026,2026-01-01T23:01:34.073507Z
a1000000-0000-4000-8000-000000000002,simpost0000000000000032,2026-01-01T22:14:27.942841Z
a1000000-0000-4000-8000-000000000002,simpost0000000000000011,2026-01-02T01:08:40.903284Z
a1000000-0000-4000-8000-000000000002,simpost0000000000000012,2026-01-02T22:00:45.656480Z
a1000000-0000-4000-8000-000000000002,simpost0000000000000034,2026-01-07T22:07:21.416781Z
a1000000-0000-4000-8000-000000000003,simpost0000000000000028,2026-01-01T17:22:12.371427Z
a1000000-0000-4000-8000-000000000003,simpost0000000000000038,2026-01-04T20:20:08.350887Z
a1000000-0000-4000-8000-000000000003,simpost0000000000000002,2026-01-05T05:37:36.554909Z
a1000000-0000-4000-8000-000000000003,simpost0000000000000006,2026-01-07T19:53:50.510065Z
a1000000-0000-4000-8000-000000000006,simpost0000000000000021,2026-01-03T07:22:23.252475Z
a1000000-0000-4000-8000-000000000006,simpost0000000000000008,2026-01-04T20:20:19.984326Z
a1000000-0000-4000-8000-000000000007,simpost0000000000000005,2026-01-07T17:26:06.018140Z
a1000000-0000-4000-8000-000000000008,simpost0000000000000018,2026-01-01T19:56:02.123881Z
a1000000-0000-4000-8000-000000000008,simpost0000000000000030,2026-01-03T14:37:58.751392Z
a1000000-0000-4000-8000-000000000009,simpost0000000000000019,2026-01-03T06:05:17.934447Z
a1000000-0000-4000-8000-000000000009,simpost0000000000000014,2026-01-03T14:24:09.456845Z
a1000000-0000-4000-8000-000000000009,simpost0000000000000003,2026-01-05T04:36:42.012933Z
a1000000-0000-4000-8000-000000000010,simpost0000000000000019,2026-01-03T10:18:53.203333Z
a1000000-0000-4000-8000-000000000010,simpost0000000000000039,2026-01-04T11:07:55.621134Z
